{"epoch": [10, 20, 30, 40, 50, 60, 70, 80, 90, 100, 110, 120, 130, 140, 150, 160, 170, 180, 190, 200, 210, 220, 230, 240, 250, 260, 270, 280, 290, 300, 310, 320, 330, 340, 350, 360, 370, 380, 390, 400, 410, 420, 430, 440, 450, 460, 470, 480, 490, 500], "train_loss": [0.007560498171619007, 0.01704658155994756, 0.01199842041624444, 0.006098901033401489, 0.0032326713896223477, 0.0024655957160783664, 0.0017618710521076406, 0.0014048393875626581, 0.5153907884870257, 0.006993685287556478, 0.0024906975869089364, 0.001722858059220016, 0.001500085502463792, 0.0013411400314154369, 0.0011807896655851176, 0.0010068286483043006, 0.0008372141683607229, 0.0006956843163685075, 0.0005802857466707272, 0.00046343853780334547, 0.0002340961399854028, 0.00019601049990991928, 0.00015659585769753904, 8.950816829123401e-05, 5.053877379395999e-05, 4.5648536594983725e-05, 4.3470081395103726e-05, 4.1468089766567575e-05, 3.9733026787871496e-05, 3.7851212899633016e-05, 3.6120742713267515e-05, 3.420737058539609e-05, 3.227552268072031e-05, 2.9449373531471272e-05, 2.528482192636667e-05, 1.8549007477953896e-05, 1.2023247727483976e-05, 7.963998627279319e-06, 2.5930117369300987e-06, 2.1480214179194133e-06, 2.058487024052218e-06, 1.9995210810260948e-06, 1.9099012895042375e-06, 1.90990130184738e-06, 1.8200687132515928e-06, 1.8200687061055629e-06, 1.7906922045897642e-06, 1.5216201459874616e-06, 1.3113015048864846e-06, 8.921534088455831e-07], "train_acc": [1.0, 1.0, 1.0, 1.0, 1.0, 1.0, 1.0, 1.0, 0.7517857142857143, 1.0, 1.0, 1.0, 1.0, 1.0, 1.0, 1.0, 1.0, 1.0, 1.0, 1.0, 1.0, 1.0, 1.0, 1.0, 1.0, 1.0, 1.0, 1.0, 1.0, 1.0, 1.0, 1.0, 1.0, 1.0, 1.0, 1.0, 1.0, 1.0, 1.0, 1.0, 1.0, 1.0, 1.0, 1.0, 1.0, 1.0, 1.0, 1.0, 1.0, 1.0], "test_loss": [0.0075901084082822005, 0.017182592848936716, 0.0119826781625549, 0.0060982590975860755, 0.003246960313990712, 0.00247896211532255, 0.0017693646298721432, 0.001409013830125332, 0.5162902983029684, 0.006959976678093275, 0.002493742685765028, 0.0017210328532382847, 0.001497069609661897, 0.001337012437482675, 0.001175179275063177, 0.0009994556087379654, 0.0008286812334942321, 0.000687413519869248, 0.0005735941890937586, 0.0004596444719936699, 0.0002378632619123285, 0.00020029068827473868, 0.0001601653282220165, 9.074485395103693e-05, 5.055438377894461e-05, 4.5574459751757485e-05, 4.340593916519235e-05, 4.142168438799369e-05, 3.970861920000364e-05, 3.7841279457400863e-05, 3.6117479030508545e-05, 3.422440097589667e-05, 3.22750969886935e-05, 2.9432343702258852e-05, 2.5242247817611013e-05, 1.8508562085723194e-05, 1.2079303984743699e-05, 8.040632565098349e-06, 2.5923021560932587e-06, 2.1404998763803937e-06, 2.051391247732681e-06, 1.99029656566078e-06, 1.9013863523772064e-06, 1.9013863523772064e-06, 1.8129729323845823e-06, 1.8129729323845823e-06, 1.782177255336137e-06, 1.515943551263869e-06, 1.3113015074850408e-06, 8.985396038951877e-07], "test_acc": [1.0, 1.0, 1.0, 1.0, 1.0, 1.0, 1.0, 1.0, 0.7458333333333333, 1.0, 1.0, 1.0, 1.0, 1.0, 1.0, 1.0, 1.0, 1.0, 1.0, 1.0, 1.0, 1.0, 1.0, 1.0, 1.0, 1.0, 1.0, 1.0, 1.0, 1.0, 1.0, 1.0, 1.0, 1.0, 1.0, 1.0, 1.0, 1.0, 1.0, 1.0, 1.0, 1.0, 1.0, 1.0, 1.0, 1.0, 1.0, 1.0, 1.0, 1.0], "weight_norm": [83.1204355508089, 60.27557335048914, 42.192858811467886, 31.968025628477335, 26.824547316879034, 23.485335547477007, 20.41645111888647, 17.21917575597763, 25.070342026650906, 23.20635785907507, 18.428689382970333, 15.169843755662441, 12.868904583156109, 11.476809291169047, 10.650785236619413, 10.14781032409519, 9.94845272693783, 9.94611291680485, 10.082817918155342, 10.514611643040553, 10.845962327555753, 10.3936468794127, 10.27853044110816, 10.399790716008283, 9.969825220046914, 9.54362976847915, 9.321769651622162, 9.253198267761036, 9.275955239820178, 9.350890091453039, 9.432061016246735, 9.421486571915011, 9.503378193448043, 9.836569179056823, 10.532177335621782, 11.613008704848653, 12.298993637131844, 11.93909438546234, 10.910228260624763, 10.093526189749696, 9.748712097816451, 9.645619942680753, 9.673002053604364, 9.782532810351398, 9.951589051261678, 10.191431838599947, 10.56481953146914, 11.255788258480756, 12.322721436750555, 13.474074093213368]}